{
  "LONG_TERM": {
    "access_count": 1,
    "last_access": 1771615185.4072328,
    "created": 1771615185.4072313
  },
  "SOUL": {
    "access_count": 1,
    "last_access": 1771615185.4077015,
    "created": 1771615185.4076998
  },
  "USER": {
    "access_count": 1,
    "last_access": 1771615185.4079978,
    "created": 1771615185.407997
  },
  "TOOLS": {
    "access_count": 1,
    "last_access": 1771615185.408298,
    "created": 1771615185.408297
  },
  "AGENTS": {
    "access_count": 1,
    "last_access": 1771615185.4086025,
    "created": 1771615185.4086013
  },
  "MEDIUM_TERM": {
    "access_count": 1,
    "last_access": 1771615185.4088073,
    "created": 1771615185.4088058
  },
  "SHORT_TERM": {
    "access_count": 1,
    "last_access": 1771615185.4091136,
    "created": 1771615185.4091127
  }
}