{
  "LONG_TERM": {
    "access_count": 2,
    "last_access": 1771615358.9445965,
    "created": 1771615185.4072313
  },
  "SOUL": {
    "access_count": 2,
    "last_access": 1771615358.9445088,
    "created": 1771615185.4076998
  },
  "USER": {
    "access_count": 2,
    "last_access": 1771615358.9444404,
    "created": 1771615185.407997
  },
  "TOOLS": {
    "access_count": 2,
    "last_access": 1771615358.9443715,
    "created": 1771615185.408297
  },
  "AGENTS": {
    "access_count": 2,
    "last_access": 1771615358.9442928,
    "created": 1771615185.4086013
  },
  "MEDIUM_TERM": {
    "access_count": 2,
    "last_access": 1771615358.9441724,
    "created": 1771615185.4088058
  },
  "SHORT_TERM": {
    "access_count": 2,
    "last_access": 1771615358.9439242,
    "created": 1771615185.4091127
  }
}