{
  "LONG_TERM": {
    "access_count": 3,
    "last_access": 1771640255.9702535,
    "created": 1771615185.4072313
  },
  "SOUL": {
    "access_count": 4,
    "last_access": 1771640255.9697587,
    "created": 1771615185.4076998
  },
  "USER": {
    "access_count": 4,
    "last_access": 1771640255.969321,
    "created": 1771615185.407997
  },
  "TOOLS": {
    "access_count": 4,
    "last_access": 1771640255.968612,
    "created": 1771615185.408297
  },
  "AGENTS": {
    "access_count": 4,
    "last_access": 1771640255.9681787,
    "created": 1771615185.4086013
  },
  "MEDIUM_TERM": {
    "access_count": 4,
    "last_access": 1771640255.967508,
    "created": 1771615185.4088058
  },
  "SHORT_TERM": {
    "access_count": 4,
    "last_access": 1771640255.9657507,
    "created": 1771615185.4091127
  }
}